opt_segment,RMR_MODEL_LOGIN_1_model_score1,login22_score,datatype,goods_actioned,prevention_rate,accuracy,objf
LS_0120_pw_good_AA,,110,1,0.006360272,0.109183673,0.021263911,0.033323027
LS_0120_pw_good_AA,,115,1,0.006049038,0.107142857,0.021925245,0.033373911
LS_0120_pw_good_AA,,120,1,0.00574297,0.1,0.021562156,0.0317887
LS_0120_pw_good_AA,,125,1,0.005482102,0.096938776,0.021889401,0.031424975
LS_0120_pw_good_AA,,130,1,0.005213486,0.093877551,0.022281424,0.031101668
LS_0120_pw_good_AA,,135,1,0.004997817,0.090816327,0.022480424,0.030651956
LS_0120_pw_good_AA,,140,1,0.004764069,0.089795918,0.023298914,0.030985718
LS_0120_pw_good_AA,,145,1,0.004560024,0.085714286,0.023236515,0.030172761
LS_0120_pw_good_AA,,150,1,0.004361145,0.084693878,0.023988439,0.03045961
LS_0120_pw_good_AA,,155,1,0.004175179,0.081632653,0.024147299,0.029979874
LS_0120_pw_good_AA,,160,1,0.004007294,0.080612245,0.024827153,0.030217282
LS_0120_pw_good_AA,,165,1,0.003860071,0.079591837,0.025432018,0.030405564
LS_0120_pw_good_AA,,170,1,0.00367798,0.078571429,0.026324786,0.030773561
LS_0120_pw_good_AA,,175,1,0.003513969,0.076530612,0.026824034,0.030697749
LS_0120_pw_good_AA,,180,1,0.00336029,0.076530612,0.028016436,0.031443926
LS_0120_pw_good_AA,,185,1,0.003228564,0.076530612,0.029126214,0.032136138
LS_0120_pw_good_XO,55,,1,0.000309552,0.018348624,0.08,0.051607814
LS_0120_pw_good_XO,60,,1,0.000269175,0.018348624,0.090909091,0.058161344
LS_0120_pw_good_XO,65,,1,0.000255717,0.018348624,0.095238095,0.060761439
LS_0120_pw_good_XO,70,,1,0.000242258,0.018348624,0.1,0.063621273
LS_0120_pw_good_XO,75,,1,0.00021534,0.018348624,0.111111111,0.070293323
LS_0120_pw_good_XO,80,,1,0.000174964,0.018348624,0.133333333,0.083634732
LS_0120_pw_good_XO,90,,1,0.000161505,0.018348624,0.142857143,0.089351709
LS_0120_pw_good_XO,95,,1,0.000134588,0.018348624,0.166666667,0.103642807
LS_0120_pw_good_XO,100,,1,0.000121129,0.018348624,0.181818182,0.112736408
LS_0120_pw_good_XO,115,,1,9.42E-05,0.018348624,0.222222222,0.136984216
LS_0120_pw_good_XO,125,,1,6.73E-05,0.018348624,0.285714286,0.175084837
LS_0120_pw_good_XO,145,,1,2.69E-05,0.018348624,0.5,0.303664341
LS_0120_pw_good_XO,,150,1,0.000444139,0.027522936,0.083333333,0.055415759
LS_0120_pw_good_XO,,155,1,0.000417222,0.027522936,0.088235294,0.058362319
LS_0120_pw_good_XO,,185,1,0.000296093,0.018348624,0.083333333,0.053610506
LS_0120_pw_good_XO,,195,1,0.000282634,0.018348624,0.086956522,0.055787111
LS_0120_pw_good_XO,,225,1,0.000255717,0.018348624,0.095238095,0.060761439
LS_0120_pw_gray_AA,665,,1,0.000594601,0.041854253,0.78629828,0.480030898
LS_0120_pw_gray_AA,670,,1,0.000566754,0.041133922,0.791395987,0.482951026
LS_0120_pw_gray_AA,675,,1,0.000545966,0.040158473,0.793594306,0.484079085
LS_0120_pw_gray_AA,680,,1,0.000518904,0.039318086,0.798415359,0.486809052
LS_0120_pw_gray_AA,685,,1,0.000493802,0.038455189,0.802788221,0.48926521
LS_0120_pw_gray_AA,690,,1,0.000468307,0.03767483,0.807884151,0.492171795
LS_0120_pw_gray_AA,695,,1,0.000441244,0.037007023,0.814264487,0.495871848
LS_0120_pw_gray_AA,700,,1,0.00041928,0.036406747,0.819456173,0.498871197
LS_0120_pw_gray_AA,705,,1,0.000401631,0.035656402,0.822714681,0.500679763
LS_0120_pw_gray_AA,710,,1,0.000380843,0.034996098,0.827684117,0.503533521
LS_0120_pw_gray_AA,715,,1,0.000361624,0.034298277,0.832150009,0.506077336
LS_0120_pw_gray_AA,720,,1,0.000344759,0.033833063,0.836859688,0.508813474
LS_0120_pw_gray_AA,725,,1,0.000320834,0.033210277,0.844012204,0.512985211
LS_0120_pw_gray_AA,730,,1,0.000306322,0.032730056,0.848143107,0.515370611
LS_0120_pw_gray_AA,735,,1,0.000291025,0.032219821,0.852660842,0.517982264
LS_0120_pw_gray_AA,740,,1,0.000272983,0.031702083,0.858565332,0.521425019
LS_0120_pw_gray_AA,745,,1,0.000257295,0.031071793,0.863247863,0.524111618
LS_0120_pw_gray_AA,750,,1,0.000244351,0.03067411,0.867756315,0.526739741
LS_0120_pw_gray_AA,755,,1,0.000227486,0.030253917,0.87424111,0.530549952
LS_0120_pw_gray_AA,760,,1,0.000213758,0.029863737,0.879558011,0.533664802
LS_0120_pw_gray_AA,765,,1,0.0002016,0.029398523,0.884025271,0.536254547
LS_0120_pw_gray_AA,770,,1,0.000190618,0.029090882,0.888608755,0.538945306
LS_0120_pw_gray_AA,775,,1,0.000179243,0.028805751,0.893621974,0.541898486
LS_0120_pw_gray_AA,780,,1,0.000165516,0.028528123,0.900094697,0.54572934
LS_0120_pw_gray_AA,785,,1,0.00015218,0.028182964,0.906370656,0.549428551
LS_0120_pw_gray_AA,790,,1,0.000142375,0.027995378,0.911333659,0.552370796
LS_0120_pw_gray_AA,795,,1,0.000130608,0.027732757,0.917349218,0.555929961
LS_0120_pw_gray_AA,800,,1,0.000119234,0.027515157,0.923444976,0.55954617
LS_0120_pw_gray_AA,805,,1,0.000105114,0.027312564,0.931422723,0.564295123
LS_0120_pw_gray_AA,810,,1,9.57E-05,0.027109971,0.936738398,0.567445893
LS_0120_pw_gray_AA,815,,1,8.86E-05,0.026944895,0.940791197,0.569845969
LS_0120_pw_gray_AA,820,,1,8.00E-05,0.026779819,0.945931619,0.572898933
LS_0120_pw_gray_AA,825,,1,7.06E-05,0.02662975,0.951729686,0.576349642
LS_0120_pw_gray_AA,830,,1,6.31E-05,0.026464674,0.956344902,0.579087247
LS_0120_pw_gray_AA,835,,1,5.57E-05,0.026322108,0.96109589,0.581910817
LS_0120_pw_gray_AA,840,,1,4.59E-05,0.026119515,0.967481934,0.585703886
LS_0120_pw_gray_AA,845,,1,4.31E-05,0.025909418,0.96912714,0.586649539
LS_0120_pw_gray_AA,850,,1,3.96E-05,0.025684315,0.971339387,0.587932572
LS_0120_pw_gray_AA,855,,1,3.45E-05,0.025346659,0.974610502,0.58982873
LS_0120_pw_gray_AA,860,,1,3.22E-05,0.025069032,0.976044405,0.590634017
LS_0120_pw_gray_AA,865,,1,2.78E-05,0.024776397,0.978950489,0.592320003
LS_0120_pw_gray_AA,870,,1,2.39E-05,0.024416231,0.981598793,0.593837737
LS_0120_pw_gray_AA,875,,1,2.20E-05,0.024018549,0.982806263,0.594483075
LS_0120_pw_gray_AA,880,,1,1.88E-05,0.023433279,0.984862819,0.595600582
LS_0120_pw_gray_AA,,900,1,0.001487288,0.112341677,0.797910893,0.500917414
LS_0120_pw_gray_AA,,905,1,0.001248428,0.105588571,0.81553173,0.510187067
LS_0120_pw_gray_AA,,910,1,0.001051927,0.098550333,0.830424886,0.517754613
LS_0120_pw_gray_AA,,915,1,0.000858171,0.091377033,0.847695949,0.526721342
LS_0120_pw_gray_AA,,920,1,0.000687557,0.084789003,0.865701371,0.536241112
LS_0120_pw_gray_AA,,925,1,0.000539299,0.077840807,0.882968763,0.54524156
LS_0120_pw_gray_AA,,930,1,0.000412613,0.071312804,0.900341038,0.554384661
LS_0120_pw_gray_AA,,935,1,0.000292594,0.065242512,0.920982947,0.565579752
LS_0120_pw_gray_AA,,940,1,0.000201992,0.058932109,0.938463377,0.574824049
LS_0120_pw_gray_AA,,945,1,0.000133354,0.053229486,0.954264192,0.583177741
LS_0120_pw_gray_AA,,950,1,8.24E-05,0.047669428,0.968002438,0.590318875
LS_0120_pw_gray_AA,,955,1,5.18E-05,0.041576625,0.976731888,0.594344103
LS_0120_pw_gray_AA,,960,1,3.29E-05,0.034253256,0.981931598,0.596003021
LS_0120_pw_gray_AA,,965,1,1.96E-05,0.026367129,0.985970819,0.596851995
LS_0120_pw_gray_XO,5,,1,0.029066284,0.806020763,0.975433428,0.740650953
LS_0120_pw_gray_XO,10,,1,0.021848422,0.805828476,0.981416209,0.745645736
LS_0120_pw_gray_XO,15,,1,0.018583168,0.805658496,0.984146249,0.747902815
LS_0120_pw_gray_XO,20,,1,0.016543143,0.805509485,0.98585946,0.749308944
LS_0120_pw_gray_XO,25,,1,0.015006497,0.805339282,0.987153385,0.750358588
LS_0120_pw_gray_XO,30,,1,0.013892101,0.805167295,0.988093517,0.751111149
LS_0120_pw_gray_XO,35,,1,0.013119785,0.804997538,0.988745651,0.751622941
LS_0120_pw_gray_XO,40,,1,0.012508129,0.804842281,0.989262657,0.752024425
LS_0120_pw_gray_XO,45,,1,0.012027428,0.80470197,0.989669261,0.752336465
LS_0120_pw_gray_XO,50,,1,0.011658837,0.804566343,0.989981012,0.752570108
LS_0120_pw_gray_XO,55,,1,0.011349655,0.804436962,0.99024256,0.752762998
LS_0120_pw_gray_XO,60,,1,0.01107976,0.804314496,0.990470945,0.752929514
LS_0120_pw_gray_XO,65,,1,0.010846277,0.804193592,0.990668487,0.753070555
LS_0120_pw_gray_XO,70,,1,0.010624931,0.804082503,0.990855928,0.753205071
LS_0120_pw_gray_XO,75,,1,0.010443829,0.803966506,0.991009102,0.753309996
LS_0120_pw_gray_XO,80,,1,0.010271032,0.803847833,0.99115525,0.75340851
LS_0120_pw_gray_XO,85,,1,0.01011708,0.803732952,0.991285434,0.753494434
LS_0120_pw_gray_XO,90,,1,0.009975585,0.80363257,0.991405202,0.753574518
LS_0120_pw_gray_XO,95,,1,0.009845588,0.803522373,0.991515101,0.753644418
LS_0120_pw_gray_XO,100,,1,0.009717507,0.803414407,0.99162344,0.753713444
LS_0120_pw_gray_XO,105,,1,0.009605078,0.803309787,0.991718484,0.753772032
LS_0120_pw_gray_XO,110,,1,0.009510215,0.803217882,0.991798673,0.753820737
LS_0120_pw_gray_XO,115,,1,0.009410881,0.803113708,0.991882596,0.753870123
LS_0120_pw_gray_XO,120,,1,0.009307714,0.803011541,0.991969856,0.753922679
LS_0120_pw_gray_XO,125,,1,0.009217323,0.802897999,0.992046104,0.753963797
LS_0120_pw_gray_XO,130,,1,0.009135556,0.802790925,0.992115064,0.754000112
LS_0120_pw_gray_XO,135,,1,0.009054747,0.802677382,0.992183168,0.754034428
LS_0120_pw_gray_XO,140,,1,0.008968828,0.8025683,0.992255722,0.754073328
LS_0120_pw_gray_XO,145,,1,0.008896962,0.802450519,0.99231618,0.754100419
LS_0120_pw_gray_XO,150,,1,0.008830526,0.802332069,0.992372002,0.75412351
LS_0120_pw_gray_XO,155,,1,0.008766646,0.802218526,0.992425702,0.754145797
LS_0120_pw_gray_XO,160,,1,0.008704043,0.802093606,0.992478221,0.754164845
LS_0120_pw_gray_XO,165,,1,0.008645911,0.801970694,0.992526944,0.754181123
LS_0120_pw_gray_XO,170,,1,0.008591932,0.801848452,0.99257213,0.754194582
LS_0120_pw_gray_XO,175,,1,0.008531246,0.801724424,0.992623075,0.754212481
LS_0120_pw_gray_XO,180,,1,0.008474392,0.801593036,0.992670684,0.754226139
LS_0120_pw_gray_XO,185,,1,0.00842744,0.80146544,0.992709844,0.754233506
LS_0120_pw_gray_XO,190,,1,0.008386237,0.80133472,0.992744053,0.754236128
LS_0120_pw_gray_XO,195,,1,0.008339604,0.801202662,0.992782929,0.754242369
LS_0120_pw_gray_XO,200,,1,0.008295846,0.801069043,0.992819336,0.754246241
LS_0120_pw_gray_XO,205,,1,0.008255282,0.800936985,0.992853027,0.754248157
LS_0120_pw_gray_XO,210,,1,0.008208649,0.800798013,0.992891887,0.754253005
LS_0120_pw_gray_XO,215,,1,0.008169043,0.800660601,0.992924735,0.754253153
LS_0120_pw_gray_XO,220,,1,0.008130715,0.800522967,0.992956496,0.754252348
LS_0120_pw_gray_XO,225,,1,0.008095581,0.800387563,0.99298554,0.754249721
LS_0120_pw_gray_XO,230,,1,0.008062682,0.800249928,0.993012653,0.754245041
LS_0120_pw_gray_XO,235,,1,0.008035852,0.800102032,0.993034464,0.754233915
LS_0120_pw_gray_XO,240,,1,0.008008384,0.799955921,0.99305685,0.754223617
LS_0120_pw_gray_XO,245,,1,0.007981554,0.799804233,0.993078647,0.754211724
LS_0120_pw_gray_XO,250,,1,0.007952169,0.799652768,0.993102655,0.754201713
LS_0120_pw_gray_XO,255,,1,0.007917673,0.799505096,0.99313111,0.75419615
LS_0120_pw_gray_XO,260,,1,0.007890843,0.79934047,0.993152826,0.754181621
LS_0120_pw_gray_XO,265,,1,0.007863375,0.799175844,0.993175103,0.754167556
LS_0120_pw_gray_XO,270,,1,0.00783399,0.799019248,0.99319911,0.754156518
LS_0120_pw_gray_XO,275,,1,0.00781227,0.798857299,0.993216472,0.754138889
LS_0120_pw_gray_XO,280,,1,0.007788635,0.798690665,0.993235455,0.754121679
LS_0120_pw_gray_XO,285,,1,0.007761805,0.798530054,0.993257253,0.754108002
LS_0120_pw_gray_XO,290,,1,0.007738169,0.798372344,0.993276329,0.754092632
LS_0120_pw_gray_XO,295,,1,0.00771613,0.798216863,0.993294053,0.754076578
LS_0120_pw_gray_XO,300,,1,0.007693133,0.798058929,0.993312591,0.754060714
LS_0120_pw_gray_XO,305,,1,0.007672372,0.797909026,0.993329273,0.754044895
LS_0120_pw_gray_XO,310,,1,0.007648097,0.7977589,0.993348995,0.754031558
LS_0120_pw_gray_XO,315,,1,0.00762542,0.797600073,0.993367274,0.754015295
LS_0120_pw_gray_XO,320,,1,0.007607853,0.797438793,0.993381124,0.753994862
LS_0120_pw_gray_XO,325,,1,0.007591244,0.797281529,0.993394184,0.753974567
LS_0120_pw_gray_XO,330,,1,0.007570483,0.797126718,0.99341086,0.753957763
LS_0120_pw_gray_XO,335,,1,0.007554512,0.796966107,0.993423352,0.75393633
LS_0120_pw_gray_XO,340,,1,0.00753982,0.796800142,0.993434701,0.753912885
LS_0120_pw_gray_XO,345,,1,0.007516823,0.796646224,0.993453338,0.753897883
LS_0120_pw_gray_XO,350,,1,0.007499895,0.796488959,0.993466704,0.753877835
LS_0120_pw_gray_XO,355,,1,0.007484563,0.796326787,0.993478653,0.753855636
LS_0120_pw_gray_XO,360,,1,0.007466677,0.796174876,0.993492903,0.753837382
LS_0120_pw_gray_XO,365,,1,0.007450387,0.796016273,0.993505722,0.75381661
LS_0120_pw_gray_XO,370,,1,0.007426113,0.795868377,0.993525549,0.753803782
LS_0120_pw_gray_XO,375,,1,0.007406948,0.795712004,0.993540888,0.753785544
LS_0120_pw_gray_XO,380,,1,0.007390339,0.795550501,0.993553979,0.75376442
LS_0120_pw_gray_XO,385,,1,0.007373411,0.795383645,0.993567308,0.753742432
LS_0120_pw_gray_XO,390,,1,0.007358399,0.795227272,0.993579067,0.753721215
LS_0120_pw_gray_XO,395,,1,0.007343387,0.795074469,0.993590859,0.753700731
LS_0120_pw_gray_XO,400,,1,0.007321348,0.79491185,0.993608672,0.753683303
LS_0120_pw_gray_XO,405,,1,0.00730442,0.794753693,0.993622095,0.753663111
LS_0120_pw_gray_XO,410,,1,0.007290686,0.794594198,0.993632741,0.753640347
LS_0120_pw_gray_XO,415,,1,0.007271522,0.794448979,0.993648218,0.753624422
LS_0120_pw_gray_XO,420,,1,0.007252677,0.794303091,0.993663419,0.753608134
LS_0120_pw_gray_XO,425,,1,0.007235749,0.794159656,0.993676981,0.75359097
LS_0120_pw_gray_XO,430,,1,0.00721882,0.794007299,0.993690477,0.753571982
LS_0120_pw_gray_XO,435,,1,0.007201253,0.793866542,0.993704626,0.753555833
LS_0120_pw_gray_XO,440,,1,0.007186561,0.793721769,0.993716251,0.753536792
LS_0120_pw_gray_XO,445,,1,0.007169313,0.793572312,0.993730064,0.753518638
LS_0120_pw_gray_XO,450,,1,0.007145358,0.793423524,0.993749719,0.753505465
LS_0120_pw_gray_XO,455,,1,0.007122999,0.79326782,0.993767939,0.753489728
LS_0120_pw_gray_XO,460,,1,0.007105752,0.793114125,0.993781738,0.753470718
LS_0120_pw_gray_XO,465,,1,0.007084991,0.792968683,0.993798664,0.753455937
LS_0120_pw_gray_XO,470,,1,0.007063271,0.792827256,0.993816461,0.753442673
LS_0120_pw_gray_XO,475,,1,0.007042191,0.792678691,0.993833654,0.753427492
LS_0120_pw_gray_XO,480,,1,0.007019194,0.792516965,0.99385242,0.753411006
LS_0120_pw_gray_XO,485,,1,0.006998113,0.792364162,0.993869595,0.753394967
LS_0120_pw_gray_XO,490,,1,0.006969047,0.792206451,0.993893693,0.753383697
LS_0120_pw_gray_XO,495,,1,0.006942537,0.792047402,0.993915566,0.753370313
LS_0120_pw_gray_XO,500,,1,0.00690868,0.791898614,0.993943928,0.753364343
LS_0120_pw_gray_XO,505,,1,0.006885044,0.791759864,0.993963471,0.753353046
LS_0120_pw_gray_XO,510,,1,0.00686045,0.79160996,0.993983772,0.753340165
LS_0120_pw_gray_XO,515,,1,0.006838092,0.791467418,0.994002187,0.753327178
LS_0120_pw_gray_XO,520,,1,0.00681254,0.791318184,0.994023346,0.753315136
LS_0120_pw_gray_XO,525,,1,0.006778683,0.791162481,0.994051708,0.753307784
LS_0120_pw_gray_XO,530,,1,0.006752173,0.791018823,0.994073763,0.753297588
LS_0120_pw_gray_XO,535,,1,0.006727259,0.790865574,0.994094363,0.753284281
LS_0120_pw_gray_XO,540,,1,0.006699471,0.790711655,0.994117475,0.753272922
LS_0120_pw_gray_XO,545,,1,0.006672642,0.790569336,0.994139847,0.753263247
LS_0120_pw_gray_XO,550,,1,0.006645492,0.790420994,0.994162462,0.753252578
LS_0120_pw_gray_XO,555,,1,0.006620898,0.79026663,0.994182811,0.753238833
LS_0120_pw_gray_XO,560,,1,0.00659854,0.790120072,0.994201272,0.75322507
LS_0120_pw_gray_XO,565,,1,0.006566919,0.789960577,0.994227741,0.753215376
LS_0120_pw_gray_XO,570,,1,0.006538812,0.789812681,0.994251235,0.753205515
LS_0120_pw_gray_XO,575,,1,0.006516454,0.789661439,0.994269689,0.75319081
LS_0120_pw_gray_XO,580,,1,0.006495373,0.789515328,0.994287069,0.753176232
LS_0120_pw_gray_XO,585,,1,0.006471737,0.789364755,0.99430666,0.753162599
LS_0120_pw_gray_XO,590,,1,0.006450976,0.789203698,0.994323669,0.753144746
LS_0120_pw_gray_XO,595,,1,0.006427979,0.789047772,0.994342678,0.753129566
LS_0120_pw_gray_XO,600,,1,0.006405302,0.788887161,0.994361383,0.753113202
LS_0120_pw_gray_XO,605,,1,0.006378152,0.788724766,0.994383999,0.753099722
LS_0120_pw_gray_XO,610,,1,0.006356433,0.788577986,0.99440198,0.753085499
LS_0120_pw_gray_XO,615,,1,0.006339505,0.788421167,0.994415701,0.753065753
LS_0120_pw_gray_XO,620,,1,0.006323215,0.788271487,0.994428918,0.753047005
LS_0120_pw_gray_XO,625,,1,0.00630469,0.788116453,0.994444063,0.75302879
LS_0120_pw_gray_XO,630,,1,0.006290636,0.787948704,0.994455205,0.753004737
LS_0120_pw_gray_XO,635,,1,0.006275624,0.787770693,0.994467121,0.752979286
LS_0120_pw_gray_XO,640,,1,0.006258696,0.787613206,0.994480866,0.752959422
LS_0120_pw_gray_XO,645,,1,0.006247197,0.787446572,0.994489791,0.752933749
LS_0120_pw_gray_XO,650,,1,0.006236338,0.787290199,0.99449823,0.75290971
LS_0120_pw_gray_XO,655,,1,0.006220367,0.787130481,0.994511134,0.752888703
LS_0120_pw_gray_XO,660,,1,0.006206314,0.786967639,0.994522341,0.752865669
LS_0120_pw_gray_XO,665,,1,0.006190663,0.786795875,0.994534892,0.752841978
LS_0120_pw_gray_XO,670,,1,0.006178526,0.786611619,0.994544278,0.752813185
LS_0120_pw_gray_XO,675,,1,0.006161278,0.786426024,0.994558148,0.752787838
LS_0120_pw_gray_XO,680,,1,0.00614946,0.786245114,0.994567286,0.752759502
LS_0120_pw_gray_XO,685,,1,0.006137962,0.786059519,0.994576116,0.752729981
LS_0120_pw_gray_XO,690,,1,0.006128379,0.78585831,0.994583158,0.752695881
LS_0120_pw_gray_XO,695,,1,0.006116562,0.785658438,0.99459218,0.752663683
LS_0120_pw_gray_XO,700,,1,0.006104744,0.785448306,0.994601136,0.752629394
LS_0120_pw_gray_XO,705,,1,0.006094523,0.785228581,0.994608626,0.752591987
LS_0120_pw_gray_XO,710,,1,0.006079511,0.78502871,0.994620473,0.752562123
LS_0120_pw_gray_XO,715,,1,0.006071526,0.784809655,0.994626009,0.752523231
LS_0120_pw_gray_XO,720,,1,0.00606386,0.78459863,0.994631322,0.752485747
LS_0120_pw_gray_XO,725,,1,0.006054278,0.784389613,0.994638339,0.75245007
LS_0120_pw_gray_XO,730,,1,0.006044057,0.784168104,0.994645838,0.752412312
LS_0120_pw_gray_XO,735,,1,0.006035753,0.783922727,0.994651491,0.752368289
LS_0120_pw_gray_XO,740,,1,0.006024893,0.78368761,0.994659469,0.752328225
LS_0120_pw_gray_XO,745,,1,0.006014991,0.783436656,0.994666501,0.752284233
LS_0120_pw_gray_XO,750,,1,0.006005409,0.783182132,0.99467323,0.752239283
LS_0120_pw_gray_XO,755,,1,0.005997105,0.782920917,0.994678792,0.752192037
LS_0120_pw_gray_XO,760,,1,0.005987203,0.782646986,0.994685681,0.752143365
LS_0120_pw_gray_XO,765,,1,0.00597826,0.78235811,0.994691628,0.752090947
LS_0120_pw_gray_XO,770,,1,0.005969636,0.782064549,0.994697266,0.752037342
LS_0120_pw_gray_XO,775,,1,0.005960054,0.781752919,0.994703633,0.751980753
LS_0120_pw_gray_XO,780,,1,0.005946639,0.781452443,0.99471347,0.751929243
LS_0120_pw_gray_XO,785,,1,0.00593578,0.781119176,0.994720834,0.75186918
LS_0120_pw_gray_XO,790,,1,0.005926198,0.78078524,0.994727069,0.75180805
LS_0120_pw_gray_XO,795,,1,0.005916296,0.780411596,0.994733325,0.751739055
LS_0120_pw_gray_XO,800,,1,0.005908311,0.780034161,0.994737865,0.751667889
LS_0120_pw_gray_XO,805,,1,0.005897771,0.779632188,0.994744509,0.751593589
LS_0120_pw_gray_XO,810,,1,0.00588723,0.779216608,0.994751069,0.751516517
LS_0120_pw_gray_XO,815,,1,0.005875093,0.778774259,0.994758874,0.751435157
LS_0120_pw_gray_XO,820,,1,0.005862636,0.778299341,0.994766753,0.751347393
LS_0120_pw_gray_XO,825,,1,0.005850499,0.777784718,0.994774094,0.7512513
LS_0120_pw_gray_XO,830,,1,0.005835807,0.777273886,0.994783741,0.751157861
LS_0120_pw_gray_XO,835,,1,0.005820475,0.776706618,0.994793594,0.751053385
LS_0120_pw_gray_XO,840,,1,0.005805463,0.776113696,0.994803005,0.75094345
LS_0120_pw_gray_XO,845,,1,0.005788216,0.775488207,0.994814208,0.750828523
LS_0120_pw_gray_XO,850,,1,0.005774801,0.774780627,0.994821464,0.750694043
LS_0120_pw_gray_XO,855,,1,0.005752762,0.77404494,0.994836247,0.750560184
LS_0120_pw_gray_XO,860,,1,0.005733598,0.773225825,0.994847936,0.750407207
LS_0120_pw_gray_XO,865,,1,0.005713795,0.772317705,0.994859633,0.750236562
LS_0120_pw_gray_XO,870,,1,0.005687604,0.771361848,0.994876767,0.750060909
LS_0120_pw_gray_XO,875,,1,0.005667801,0.770312747,0.994887596,0.749861547
LS_0120_pw_gray_XO,880,,1,0.005636819,0.769163042,0.994907839,0.749649948
LS_0120_pw_gray_XO,885,,1,0.005611586,0.76788507,0.994922124,0.749407971
LS_0120_pw_gray_XO,890,,1,0.005578368,0.76643935,0.994942557,0.749137731
LS_0120_pw_gray_XO,895,,1,0.005546747,0.764868042,0.994960802,0.74884074
LS_0120_pw_gray_XO,900,,1,0.005512252,0.763076785,0.994980287,0.748501079
LS_0120_pw_gray_XO,905,,1,0.005471688,0.761005798,0.99500355,0.748108952
LS_0120_pw_gray_XO,910,,1,0.005423458,0.758607121,0.99503179,0.747655807
LS_0120_pw_gray_XO,915,,1,0.005379061,0.755840823,0.995054314,0.747124941
LS_0120_pw_gray_XO,920,,1,0.005325401,0.752528895,0.995081965,0.746489878
LS_0120_pw_gray_XO,925,,1,0.005262159,0.748507156,0.9951141,0.74571746
LS_0120_pw_gray_XO,930,,1,0.005198598,0.743353335,0.995139527,0.744714663
LS_0120_pw_gray_XO,935,,1,0.005131204,0.736463132,0.995157565,0.743360925
LS_0120_pw_gray_XO,940,,1,0.005049118,0.725994878,0.995166283,0.741288922
LS_0120_pw_gray_XO,945,,1,0.004944992,0.708363606,0.995148223,0.737772657
LS_0120_pw_gray_XO,950,,1,0.004802539,0.677065694,0.99507056,0.731494967
LS_0120_pw_gray_XO,,5,1,0.104079603,0.998805234,0.932161008,0.738241731
LS_0120_pw_gray_XO,,10,1,0.064425759,0.998499628,0.95688057,0.760943116
LS_0120_pw_gray_XO,,15,1,0.049234008,0.998235735,0.966701245,0.769821092
LS_0120_pw_gray_XO,,20,1,0.041197198,0.997960243,0.971977035,0.77453883
LS_0120_pw_gray_XO,,25,1,0.03615862,0.99767739,0.975312941,0.777491519
LS_0120_pw_gray_XO,,30,1,0.032790839,0.997388736,0.977554328,0.779452177
LS_0120_pw_gray_XO,,35,1,0.030470697,0.997103652,0.979103463,0.780788669
LS_0120_pw_gray_XO,,40,1,0.028801179,0.996808976,0.980220034,0.78173358
LS_0120_pw_gray_XO,,45,1,0.027465437,0.996518538,0.981114671,0.782479423
LS_0120_pw_gray_XO,,50,1,0.026444307,0.996247061,0.98179916,0.783040047
LS_0120_pw_gray_XO,,55,1,0.025559562,0.995969785,0.982392571,0.783517587
LS_0120_pw_gray_XO,,60,1,0.024828129,0.995710131,0.982883431,0.783906459
LS_0120_pw_gray_XO,,65,1,0.024161536,0.995427723,0.983330674,0.784251642
LS_0120_pw_gray_XO,,70,1,0.023607053,0.995157139,0.983702628,0.784531594
LS_0120_pw_gray_XO,,75,1,0.023098564,0.994891016,0.98404387,0.784784812
LS_0120_pw_gray_XO,,80,1,0.02264629,0.9946327,0.984347405,0.785005725
LS_0120_pw_gray_XO,,85,1,0.022255021,0.994352523,0.984609411,0.785185147
LS_0120_pw_gray_XO,,90,1,0.021885472,0.994074354,0.984856933,0.785351936
LS_0120_pw_gray_XO,,95,1,0.021552016,0.993802654,0.985080201,0.785498248
LS_0120_pw_gray_XO,,100,1,0.021238363,0.993517347,0.985289979,0.785629785
LS_0120_pw_gray_XO,,105,1,0.020943234,0.993210179,0.985487002,0.78574559
LS_0120_pw_gray_XO,,110,1,0.020684199,0.992898773,0.9856595,0.785838615
LS_0120_pw_gray_XO,,115,1,0.020417817,0.992597404,0.985837332,0.785938317
LS_0120_pw_gray_XO,,120,1,0.020179862,0.992286221,0.985995748,0.786018721
LS_0120_pw_gray_XO,,125,1,0.019953725,0.991965222,0.986146088,0.786089952
LS_0120_pw_gray_XO,,130,1,0.019744836,0.991643332,0.986284742,0.786150544
LS_0120_pw_gray_XO,,135,1,0.019565331,0.991320102,0.986403364,0.786192973
LS_0120_pw_gray_XO,,140,1,0.019384869,0.991002227,0.986522821,0.786237164
LS_0120_pw_gray_XO,,145,1,0.0192076,0.99065736,0.986639832,0.786273851
LS_0120_pw_gray_XO,,150,1,0.019046941,0.990347069,0.986746004,0.786307628
LS_0120_pw_gray_XO,,155,1,0.01888181,0.990014248,0.986855043,0.786339513
LS_0120_pw_gray_XO,,160,1,0.018733926,0.989674065,0.986952227,0.786359364
LS_0120_pw_gray_XO,,165,1,0.018594666,0.989362882,0.987043941,0.786380008
LS_0120_pw_gray_XO,,170,1,0.018471377,0.989048575,0.987124701,0.78639026
LS_0120_pw_gray_XO,,175,1,0.018332756,0.988725123,0.987215964,0.786408051
LS_0120_pw_gray_XO,,180,1,0.018206912,0.988404794,0.987298542,0.786418702
LS_0120_pw_gray_XO,,185,1,0.018082025,0.988095395,0.987380666,0.786431073
LS_0120_pw_gray_XO,,190,1,0.017966082,0.987791796,0.987456761,0.7864392
LS_0120_pw_gray_XO,,195,1,0.017857804,0.987478605,0.987527509,0.786440665
LS_0120_pw_gray_XO,,200,1,0.017752402,0.987159614,0.987596256,0.786439196
LS_0120_pw_gray_XO,,205,1,0.017654026,0.986857576,0.987660415,0.786436959
LS_0120_pw_gray_XO,,210,1,0.017556608,0.986542824,0.987723804,0.786431525
LS_0120_pw_gray_XO,,215,1,0.017456315,0.986230971,0.987789263,0.786428489
LS_0120_pw_gray_XO,,220,1,0.01736273,0.985911088,0.987850038,0.786419694
LS_0120_pw_gray_XO,,225,1,0.017270104,0.985608604,0.987910408,0.786413945
LS_0120_pw_gray_XO,,230,1,0.017190892,0.98529229,0.987961374,0.786397104
LS_0120_pw_gray_XO,,235,1,0.017099542,0.984983561,0.98802087,0.786389326
LS_0120_pw_gray_XO,,240,1,0.017030871,0.984668808,0.988064636,0.786366369
LS_0120_pw_gray_XO,,245,1,0.01694591,0.984342679,0.988119582,0.786351103
LS_0120_pw_gray_XO,,250,1,0.016872128,0.984027034,0.988166948,0.78633115
LS_0120_pw_gray_XO,,255,1,0.016798026,0.983717412,0.988214641,0.786312662
LS_0120_pw_gray_XO,,260,1,0.016727438,0.983392399,0.98825975,0.786288842
LS_0120_pw_gray_XO,,265,1,0.016660044,0.983065377,0.988302654,0.786262659
LS_0120_pw_gray_XO,,270,1,0.016586901,0.982727425,0.988349452,0.786237776
LS_0120_pw_gray_XO,,275,1,0.016515355,0.982393266,0.988395223,0.786212716
LS_0120_pw_gray_XO,,280,1,0.01645371,0.982065575,0.988434224,0.786182908
LS_0120_pw_gray_XO,,285,1,0.016392385,0.981718031,0.988472802,0.786148811
LS_0120_pw_gray_XO,,290,1,0.016333934,0.981372495,0.988509435,0.786113373
LS_0120_pw_gray_XO,,295,1,0.016281552,0.981030751,0.988541918,0.786074991
LS_0120_pw_gray_XO,,300,1,0.016218949,0.980677853,0.988581411,0.786040628
LS_0120_pw_gray_XO,,305,1,0.016159221,0.980311348,0.988618778,0.786001693
LS_0120_pw_gray_XO,,310,1,0.016100451,0.979954213,0.988655616,0.785964122
LS_0120_pw_gray_XO,,315,1,0.016039445,0.979573208,0.988693769,0.785923014
LS_0120_pw_gray_XO,,320,1,0.015988021,0.979202911,0.988725395,0.785878215
LS_0120_pw_gray_XO,,325,1,0.015928612,0.978805845,0.988762313,0.785832835
LS_0120_pw_gray_XO,,330,1,0.015880063,0.978416587,0.988791774,0.785782369
LS_0120_pw_gray_XO,,335,1,0.015825126,0.97802376,0.988825679,0.785735134
LS_0120_pw_gray_XO,,340,1,0.015777215,0.97761331,0.988854507,0.785679923
LS_0120_pw_gray_XO,,345,1,0.015725792,0.977221598,0.988886027,0.785630778
LS_0120_pw_gray_XO,,350,1,0.015672451,0.976801334,0.988918594,0.785576933
LS_0120_pw_gray_XO,,355,1,0.015621666,0.976368354,0.988949261,0.785518894
LS_0120_pw_gray_XO,,360,1,0.015570881,0.975934258,0.988979945,0.785460643
LS_0120_pw_gray_XO,,365,1,0.015524887,0.975500832,0.989007311,0.785399576
LS_0120_pw_gray_XO,,370,1,0.015476019,0.97505313,0.989036557,0.785337357
LS_0120_pw_gray_XO,,375,1,0.015424595,0.97460342,0.989067602,0.785276326
LS_0120_pw_gray_XO,,380,1,0.015371255,0.974115118,0.989099594,0.785208529
LS_0120_pw_gray_XO,,385,1,0.015325261,0.973634624,0.98912655,0.785137803
LS_0120_pw_gray_XO,,390,1,0.015274795,0.973140077,0.98915652,0.785066968
LS_0120_pw_gray_XO,,395,1,0.015235828,0.972645753,0.989178446,0.784989052
LS_0120_pw_gray_XO,,400,1,0.015187279,0.972134029,0.98920694,0.784913514
LS_0120_pw_gray_XO,,405,1,0.015140326,0.971593975,0.989234031,0.784831149
LS_0120_pw_gray_XO,,410,1,0.015094971,0.971043437,0.989259916,0.784745643
LS_0120_pw_gray_XO,,415,1,0.015048338,0.97047193,0.989286502,0.78465662
LS_0120_pw_gray_XO,,420,1,0.015009371,0.969887709,0.98930758,0.784560215
LS_0120_pw_gray_XO,,425,1,0.014968488,0.969296349,0.989329958,0.784463547
LS_0120_pw_gray_XO,,430,1,0.014922813,0.968710565,0.989355805,0.784371034
LS_0120_pw_gray_XO,,435,1,0.014878416,0.968084629,0.989380348,0.784269451
LS_0120_pw_gray_XO,,440,1,0.014834658,0.967435717,0.989404223,0.784162746
LS_0120_pw_gray_XO,,445,1,0.014787706,0.96676539,0.989430158,0.784053632
LS_0120_pw_gray_XO,,450,1,0.014748739,0.96609261,0.989450453,0.783939046
LS_0120_pw_gray_XO,,455,1,0.014704342,0.965365846,0.98947404,0.783816725
LS_0120_pw_gray_XO,,460,1,0.014663458,0.96465202,0.989495313,0.7836949
LS_0120_pw_gray_XO,,465,1,0.014621616,0.963906518,0.989516957,0.783567155
LS_0120_pw_gray_XO,,470,1,0.01457179,0.963119749,0.989543862,0.783435909
LS_0120_pw_gray_XO,,475,1,0.014532184,0.962295503,0.989563147,0.783290552
LS_0120_pw_gray_XO,,480,1,0.014492578,0.961484195,0.989582604,0.783147886
LS_0120_pw_gray_XO,,485,1,0.014445306,0.960651696,0.989607325,0.783005673
LS_0120_pw_gray_XO,,490,1,0.014404103,0.959799344,0.989627554,0.78285558
LS_0120_pw_gray_XO,,495,1,0.014364817,0.958890108,0.989645844,0.782692565
LS_0120_pw_gray_XO,,500,1,0.014323294,0.957947635,0.989665412,0.782524115
LS_0120_pw_gray_XO,,505,1,0.01427762,0.957006277,0.989687999,0.782358531
LS_0120_pw_gray_XO,,510,1,0.014237056,0.956054212,0.98970686,0.782187547
LS_0120_pw_gray_XO,,515,1,0.014199047,0.955033219,0.989723196,0.782000752
LS_0120_pw_gray_XO,,520,1,0.014157205,0.953978095,0.989741952,0.781809349
LS_0120_pw_gray_XO,,525,1,0.014114405,0.95290981,0.989761299,0.78161586
LS_0120_pw_gray_XO,,530,1,0.014071924,0.951819441,0.989780225,0.781417638
LS_0120_pw_gray_XO,,535,1,0.014028166,0.950669736,0.989799485,0.781208005
LS_0120_pw_gray_XO,,540,1,0.013984727,0.949516015,0.98981852,0.780997369
LS_0120_pw_gray_XO,,545,1,0.013939692,0.948322811,0.989838335,0.780779625
LS_0120_pw_gray_XO,,550,1,0.013893698,0.947094807,0.989858524,0.780555337
LS_0120_pw_gray_XO,,555,1,0.013847065,0.945825982,0.989878797,0.780323062
LS_0120_pw_gray_XO,,560,1,0.013805223,0.944549126,0.989895568,0.780086122
LS_0120_pw_gray_XO,,565,1,0.013763062,0.943197319,0.989911824,0.779833946
LS_0120_pw_gray_XO,,570,1,0.013717068,0.941801567,0.989930447,0.779575168
LS_0120_pw_gray_XO,,575,1,0.013670755,0.940377707,0.989949061,0.779310827
LS_0120_pw_gray_XO,,580,1,0.013629232,0.93890455,0.989963718,0.779033294
LS_0120_pw_gray_XO,,585,1,0.013589626,0.937382539,0.989976505,0.778744486
LS_0120_pw_gray_XO,,590,1,0.013549701,0.935827069,0.989989213,0.778449002
LS_0120_pw_gray_XO,,595,1,0.013500832,0.934226314,0.990008037,0.778149919
LS_0120_pw_gray_XO,,600,1,0.013447812,0.93253834,0.990029051,0.777835536
LS_0120_pw_gray_XO,,605,1,0.013402456,0.930789244,0.990043857,0.777503672
LS_0120_pw_gray_XO,,610,1,0.013359018,0.928997095,0.990056851,0.777161726
LS_0120_pw_gray_XO,,615,1,0.013312385,0.927125087,0.990071408,0.776805385
LS_0120_pw_gray_XO,,620,1,0.013267349,0.925176789,0.990084032,0.776432307
LS_0120_pw_gray_XO,,625,1,0.01322391,0.923165139,0.990094853,0.776045157
LS_0120_pw_gray_XO,,630,1,0.013175361,0.921095714,0.990108905,0.775649414
LS_0120_pw_gray_XO,,635,1,0.013123298,0.918929476,0.990124609,0.775236001
LS_0120_pw_gray_XO,,640,1,0.013076666,0.916695424,0.990135609,0.774805117
LS_0120_pw_gray_XO,,645,1,0.013024603,0.914310354,0.990149118,0.774346621
LS_0120_pw_gray_XO,,650,1,0.012971263,0.911850332,0.990162858,0.773873528
LS_0120_pw_gray_XO,,655,1,0.012922394,0.909233938,0.990171631,0.773365287
LS_0120_pw_gray_XO,,660,1,0.012872887,0.906544153,0.99018015,0.772842344
LS_0120_pw_gray_XO,,665,1,0.012816033,0.903688627,0.990192506,0.772290022
LS_0120_pw_gray_XO,,670,1,0.012758221,0.900711305,0.990204356,0.771713231
LS_0120_pw_gray_XO,,675,1,0.012698493,0.897519612,0.990215434,0.771093484
LS_0120_pw_gray_XO,,680,1,0.012645472,0.894191176,0.990219975,0.770441126
LS_0120_pw_gray_XO,,685,1,0.012581591,0.890605541,0.990230104,0.769742852
LS_0120_pw_gray_XO,,690,1,0.012520905,0.886869555,0.99023621,0.769011456
LS_0120_pw_gray_XO,,695,1,0.012452553,0.882853616,0.990245251,0.768227363
LS_0120_pw_gray_XO,,700,1,0.01238995,0.87861483,0.990247446,0.767393443
LS_0120_pw_gray_XO,,705,1,0.012328305,0.874094529,0.990245801,0.766500725
LS_0120_pw_gray_XO,,710,1,0.012260592,0.869267729,0.990245514,0.765548736
LS_0120_pw_gray_XO,,715,1,0.012196072,0.864234365,0.990240384,0.764551889
LS_0120_pw_gray_XO,,720,1,0.012124846,0.858832043,0.990236388,0.763483272
LS_0120_pw_gray_XO,,725,1,0.012051702,0.853061431,0.990229705,0.762339769
LS_0120_pw_gray_XO,,730,1,0.011974407,0.846873008,0.990221512,0.761112627
LS_0120_pw_gray_XO,,735,1,0.011883697,0.840255844,0.990219186,0.759805941
LS_0120_pw_gray_XO,,740,1,0.011787876,0.833095503,0.990214708,0.758390351
LS_0120_pw_gray_XO,,745,1,0.011700359,0.825286027,0.990195638,0.756834516
LS_0120_pw_gray_XO,,750,1,0.011586971,0.816765848,0.990189429,0.755149433
LS_0120_pw_gray_XO,,755,1,0.011462085,0.80743503,0.990183082,0.753304438
LS_0120_pw_gray_XO,,760,1,0.011322187,0.797092588,0.990177137,0.751260363
LS_0120_pw_gray_XO,,765,1,0.011164402,0.785555603,0.990171829,0.748981337
LS_0120_pw_gray_XO,,770,1,0.010992563,0.772779238,0.990163198,0.746455254
LS_0120_pw_gray_XO,,775,1,0.010810823,0.758422641,0.990142904,0.743608106
LS_0120_pw_gray_XO,,780,1,0.010603211,0.742366247,0.990123294,0.740426584
LS_0120_pw_gray_XO,,785,1,0.010401987,0.72456388,0.99007317,0.736876281
LS_0120_pw_gray_XO,,790,1,0.010181919,0.70521675,0.990017177,0.733017272
LS_0120_pw_gray_XO,,795,1,0.009974627,0.684424568,0.989924267,0.728844548
LS_0120_pw_risky_API,30,,1,0.007870621,0.87389539,0.431536738,0.432126997
LS_0120_pw_risky_API,35,,1,0.007410141,0.861714832,0.442916769,0.436611
LS_0120_pw_risky_API,40,,1,0.006985585,0.851683783,0.454614992,0.441708635
LS_0120_pw_risky_API,45,,1,0.006627978,0.840697397,0.464441219,0.445478615
LS_0120_pw_risky_API,50,,1,0.006285067,0.830666348,0.47468268,0.449685865
LS_0120_pw_risky_API,55,,1,0.005960118,0.820157631,0.484754376,0.453692128
LS_0120_pw_risky_API,60,,1,0.00568089,0.811798424,0.494184356,0.45773412
LS_0120_pw_risky_API,65,,1,0.005434321,0.800812037,0.501870977,0.46019813
LS_0120_pw_risky_API,70,,1,0.005241638,0.788392644,0.506988174,0.460823106
LS_0120_pw_risky_API,75,,1,0.005039157,0.776689754,0.513095614,0.462187488
LS_0120_pw_risky_API,80,,1,0.004835044,0.765942202,0.519941634,0.464186412
LS_0120_pw_risky_API,85,,1,0.004645626,0.754239312,0.526070298,0.465560916
LS_0120_pw_risky_API,90,,1,0.004470905,0.742775257,0.531805746,0.466744318
LS_0120_pw_risky_API,95,,1,0.004309247,0.731550036,0.537179937,0.46775612
LS_0120_pw_risky_API,100,,1,0.004150855,0.71793647,0.541816871,0.467847246
LS_0120_pw_risky_API,105,,1,0.004034918,0.705755911,0.544600074,0.467104243
LS_0120_pw_risky_API,110,,1,0.003897754,0.69453069,0.549197356,0.467645001
LS_0120_pw_risky_API,115,,1,0.003796513,0.684021973,0.551936789,0.467207165
LS_0120_pw_risky_API,120,,1,0.003660982,0.674468593,0.557441769,0.468626583
LS_0120_pw_risky_API,125,,1,0.003554843,0.660377358,0.559490085,0.467058554
LS_0120_pw_risky_API,130,,1,0.003455235,0.646524958,0.56126892,0.465375296
LS_0120_pw_risky_API,135,,1,0.003353995,0.634822068,0.564091681,0.464748623
LS_0120_pw_risky_API,140,,1,0.003267451,0.621925006,0.565472313,0.463014899
LS_0120_pw_risky_API,145,,1,0.003158046,0.612610461,0.570126695,0.4639665
LS_0120_pw_risky_API,,65,1,0.007802039,0.847623597,0.426203915,0.423686661
LS_0120_pw_risky_API,,70,1,0.007583229,0.842608073,0.431718062,0.426035806
LS_0120_pw_risky_API,,75,1,0.007385647,0.834726535,0.435894238,0.42700472
LS_0120_pw_risky_API,,80,1,0.007171736,0.829233341,0.441505595,0.429315678
LS_0120_pw_risky_API,,85,1,0.006997015,0.82278481,0.445666235,0.4305573
LS_0120_pw_risky_API,,90,1,0.006812496,0.815380941,0.450039547,0.431737417
LS_0120_pw_risky_API,,95,1,0.006642674,0.811798424,0.455202893,0.434152886
LS_0120_pw_risky_API,,100,1,0.006512041,0.806066396,0.458372946,0.434934638
LS_0120_pw_risky_API,,105,1,0.006386307,0.802245044,0.462035763,0.436393205
LS_0120_pw_risky_API,,110,1,0.006236079,0.798423692,0.466769059,0.438498958
LS_0120_pw_risky_API,,115,1,0.006110345,0.791258658,0.469596031,0.438787281
LS_0120_pw_risky_API,,120,1,0.005991143,0.783615954,0.472086331,0.438776761
LS_0120_pw_risky_API,,125,1,0.005844181,0.777406257,0.476294996,0.440089413
LS_0120_pw_risky_API,,130,1,0.005742941,0.770241223,0.478344705,0.439906479
LS_0120_pw_risky_API,,135,1,0.005617207,0.765703368,0.482395426,0.441454488
LS_0120_pw_risky_API,,140,1,0.005511068,0.758538333,0.484811479,0.441492341
LS_0120_pw_risky_API,,145,1,0.005417992,0.753761643,0.487488415,0.442161779
LS_0120_pw_risky_API,,150,1,0.005324916,0.748746119,0.490150094,0.442774297
LS_0120_pw_risky_API,,155,1,0.005205714,0.744208264,0.49428934,0.444374114
LS_0120_pw_risky_API,,160,1,0.005114271,0.737759733,0.496543964,0.444455471
LS_0120_pw_risky_API,,165,1,0.005044056,0.732744208,0.498294624,0.444516805
LS_0120_pw_risky_API,,170,1,0.004949347,0.726056843,0.500741229,0.444666236
LS_0120_pw_risky_API,,175,1,0.004884031,0.718891808,0.501583069,0.443751397
LS_0120_pw_risky_API,,180,1,0.00482198,0.71315978,0.502778245,0.443334507
LS_0120_pw_risky_API,,185,1,0.004741968,0.707188918,0.504859335,0.443404991
LS_0120_pw_risky_API,,190,1,0.004679917,0.701934559,0.506287683,0.443223538
LS_0120_pw_risky_API,,195,1,0.004588474,0.696680201,0.509341715,0.444023374
LS_0120_pw_risky_API,,200,1,0.004528057,0.691425842,0.510762174,0.443836861
LS_0120_pw_risky_API,,205,1,0.00446274,0.687126821,0.512834225,0.444233351
LS_0120_pw_risky_API,,210,1,0.004368032,0.680200621,0.515661778,0.444563585
LS_0120_pw_risky_API,,215,1,0.004323943,0.676379269,0.516788321,0.444484058
LS_0120_pw_risky_API,,220,1,0.004268424,0.671602579,0.518245485,0.444414122
LS_0120_pw_risky_API,,225,1,0.004214538,0.667542393,0.519903274,0.444607535
LS_0120_pw_risky_API,,230,1,0.004160652,0.663004538,0.521412472,0.44461626
LS_0120_pw_risky_API,,235,1,0.004106766,0.658705517,0.523041912,0.444744897
LS_0120_pw_risky_API,,240,1,0.004069209,0.652734655,0.523062201,0.44357041
LS_0120_pw_risky_API,,245,1,0.004012057,0.648674469,0.525033829,0.44395278
LS_0120_pw_risky_API,,250,1,0.003958171,0.644375448,0.526747364,0.444131874
LS_0120_pw_risky_API,,255,1,0.003920614,0.640554096,0.527641157,0.44391139
LS_0120_pw_risky_API,,260,1,0.003876526,0.637926917,0.529435084,0.444471129
LS_0120_pw_risky_API,,265,1,0.003824273,0.634105565,0.531318791,0.444847533
LS_0120_pw_risky_API,,270,1,0.003788349,0.62956771,0.531880549,0.444284201
LS_0120_pw_risky_API,,275,1,0.003739362,0.625985192,0.533699857,0.444669081
LS_0120_pw_risky_API,,280,1,0.003701805,0.620730834,0.534114262,0.443874363
LS_0120_pw_risky_API,,285,1,0.00365445,0.616909482,0.535780958,0.444119581
LS_0120_pw_risky_API,,290,1,0.003610362,0.614043468,0.537641154,0.444671314
LS_0120_pw_good_other,5,,1,0.095041013,0.75852949,0.170409982,0.234943685
LS_0120_pw_good_other,10,,1,0.070358395,0.718857445,0.208212042,0.254627035
LS_0120_pw_good_other,15,,1,0.058990504,0.691087014,0.231669474,0.265420987
LS_0120_pw_good_other,20,,1,0.051747728,0.667548268,0.249259332,0.272715707
LS_0120_pw_good_other,25,,1,0.046621967,0.648241206,0.263548387,0.27845288
LS_0120_pw_good_other,30,,1,0.042578537,0.630256546,0.275874045,0.283060029
LS_0120_pw_good_other,35,,1,0.039358769,0.61650357,0.287316652,0.287818952
LS_0120_pw_good_other,40,,1,0.036601886,0.605130918,0.298499674,0.292805611
LS_0120_pw_good_other,45,,1,0.034192165,0.593229304,0.308698046,0.297026255
LS_0120_pw_good_other,50,,1,0.03186413,0.584501455,0.32070817,0.302952367
LS_0120_pw_good_other,55,,1,0.029883258,0.573922243,0.330792683,0.307283407
LS_0120_pw_good_other,60,,1,0.028290392,0.560698228,0.337794774,0.309158431
LS_0120_pw_good_other,65,,1,0.02675879,0.552234859,0.346901479,0.313236101
LS_0120_pw_good_other,70,,1,0.025479051,0.541655647,0.353652219,0.31542665
LS_0120_pw_good_other,75,,1,0.024410333,0.532134356,0.359414076,0.31719325
LS_0120_pw_good_other,80,,1,0.023246316,0.521290664,0.365948756,0.319178123
LS_0120_pw_good_other,85,,1,0.022136755,0.509389051,0.371958285,0.32062543
LS_0120_pw_good_other,90,,1,0.021095266,0.497487437,0.377710843,0.32190494
LS_0120_pw_good_other,95,,1,0.020169497,0.489817509,0.38463136,0.324708418
LS_0120_pw_good_other,100,,1,0.019345836,0.480296218,0.389866896,0.326110214
LS_0120_pw_good_other,105,,1,0.01855621,0.47315525,0.396234773,0.328660672
LS_0120_pw_good_other,110,,1,0.017759777,0.46469188,0.402427852,0.330843132
LS_0120_pw_good_other,115,,1,0.017058643,0.456757472,0.407984881,0.332730694
LS_0120_pw_good_other,120,,1,0.016398353,0.448294102,0.413011696,0.334186167
LS_0120_pw_good_other,125,,1,0.015772098,0.440888654,0.418423695,0.336077528
LS_0120_pw_good_other,130,,1,0.015220721,0.431367363,0.421773985,0.336293719
LS_0120_pw_good_other,135,,1,0.014716994,0.423168474,0.425305688,0.336873709
LS_0120_pw_good_other,140,,1,0.014083932,0.414969585,0.431280924,0.338945685
LS_0120_pw_good_other,145,,1,0.013587012,0.405183814,0.434240363,0.338863578
LS_0120_pw_good_other,150,,1,0.013022021,0.398571806,0.440643275,0.341495922
LS_0120_pw_good_other,155,,1,0.012491066,0.389314996,0.44511642,0.342434638
LS_0120_pw_good_other,160,,1,0.012014567,0.379793705,0.448609809,0.342721713
LS_0120_pw_good_other,165,,1,0.011538069,0.371594816,0.453225806,0.343946833
LS_0120_pw_good_other,170,,1,0.011116027,0.363395927,0.456933821,0.344616273
LS_0120_pw_good_other,175,,1,0.010646336,0.354668077,0.4616179,0.345775088
LS_0120_pw_good_other,180,,1,0.01025833,0.347262629,0.465602837,0.346762562
LS_0120_pw_good_other,185,,1,0.009829482,0.336947897,0.468727005,0.346659886
LS_0120_pw_good_other,190,,1,0.009441476,0.329277969,0.473024316,0.347781888
LS_0120_pw_good_other,195,,1,0.009114734,0.322137001,0.47633946,0.34840813
LS_0120_pw_good_other,200,,1,0.008638236,0.31288019,0.482463295,0.350326368
LS_0120_pw_good_other,205,,1,0.00829788,0.305210262,0.486304256,0.35116503
LS_0120_pw_good_other,210,,1,0.008011981,0.296217932,0.487592512,0.350196697
LS_0120_pw_good_other,215,,1,0.007746503,0.286696641,0.487848785,0.348499299
LS_0120_pw_good_other,220,,1,0.007358497,0.280349114,0.49509575,0.351655573
LS_0120_pw_good_other,225,,1,0.007093019,0.272679185,0.49734684,0.351525337
LS_0120_pw_good_other,230,,1,0.006745856,0.265802698,0.503507014,0.353915577
LS_0120_pw_good_other,235,,1,0.006419114,0.257074848,0.507571802,0.354674228
LS_0120_pw_good_other,240,,1,0.006105987,0.250991801,0.514084507,0.357427867
LS_0120_pw_good_other,245,,1,0.005874545,0.241999471,0.514623172,0.355998889
LS_0120_pw_good_other,250,,1,0.005588646,0.234329542,0.51903925,0.357171729
LS_0120_pw_good_other,255,,1,0.005316361,0.225072732,0.521446078,0.356818921
LS_0120_pw_good_other,260,,1,0.005016848,0.218725205,0.528772379,0.360005099
LS_0120_pw_good_other,265,,1,0.004812634,0.212113198,0.5314778,0.360346793
LS_0120_pw_good_other,270,,1,0.004574385,0.206294631,0.537190083,0.362658099
LS_0120_pw_good_other,275,,1,0.004363364,0.197037821,0.537518038,0.361045714
LS_0120_pw_good_other,280,,1,0.004097886,0.189103412,0.542900532,0.362741424
LS_0120_pw_good_other,285,,1,0.003893673,0.182491404,0.546751189,0.363770259
LS_0120_pw_good_other,290,,1,0.003689459,0.174556996,0.549084859,0.363624422
LS_0120_pw_good_other,295,,1,0.00354651,0.166887067,0.547743056,0.361313945
LS_0120_pw_good_other,300,,1,0.003362717,0.161332981,0.552536232,0.363115792
LS_0120_pw_good_other,305,,1,0.003117661,0.156307855,0.563393708,0.368674264
LS_0120_pw_good_other,310,,1,0.002967904,0.148108966,0.562248996,0.36637761
LS_0120_pw_good_other,315,,1,0.002804534,0.143612801,0.568586387,0.369313486
LS_0120_pw_good_other,320,,1,0.002654777,0.137794234,0.571899012,0.370167299
LS_0120_pw_good_other,325,,1,0.002498213,0.130917747,0.57424594,0.370231471
LS_0120_pw_good_other,330,,1,0.002362071,0.126157101,0.578883495,0.372089103
LS_0120_pw_good_other,335,,1,0.002239543,0.121660936,0.583016477,0.373694165
LS_0120_pw_good_other,340,,1,0.0021034,0.117164771,0.589095745,0.376469721
LS_0120_pw_good_other,345,,1,0.001994486,0.112139646,0.591352859,0.376840747
LS_0120_pw_good_other,350,,1,0.001892379,0.107907961,0.594752187,0.378054428
LS_0120_pw_good_other,355,,1,0.001803887,0.103147316,0.595419847,0.377520594
LS_0120_pw_good_other,360,,1,0.001742623,0.099180111,0.59429477,0.37606436
LS_0120_pw_good_other,365,,1,0.001647323,0.094683946,0.596666667,0.376607325
LS_0120_pw_good_other,370,,1,0.001565638,0.092303623,0.602763385,0.379805628
LS_0120_pw_good_other,375,,1,0.001517988,0.086749537,0.595281307,0.374215094
LS_0120_pw_good_other,380,,1,0.001422688,0.082253372,0.598076923,0.375012291
LS_0120_pw_good_other,385,,1,0.00134781,0.078286168,0.599190283,0.374901842
LS_0120_pw_good_other,390,,1,0.001279739,0.074583444,0.6,0.374660741
LS_0120_pw_good_other,395,,1,0.001238896,0.072467601,0.600877193,0.374772057
LS_0120_pw_good_other,400,,1,0.001184439,0.068235916,0.597222222,0.371743629
LS_0120_pw_good_other,405,,1,0.00115721,0.065326633,0.592326139,0.368229568
LS_0120_pw_good_other,410,,1,0.001123175,0.06215287,0.5875,0.364705939
LS_0120_pw_good_other,415,,1,0.001061911,0.060037027,0.592689295,0.3674086
LS_0120_pw_good_other,420,,1,0.00099384,0.057921185,0.6,0.371385469
LS_0120_pw_good_other,425,,1,0.000939383,0.055540862,0.603448276,0.372989261
LS_0120_pw_good_other,430,,1,0.000891733,0.05395398,0.608955224,0.375985584
LS_0120_pw_good_other,435,,1,0.000830469,0.051573658,0.615141956,0.379233811
LS_0120_pw_good_other,440,,1,0.000796433,0.049193335,0.613861386,0.377996212
LS_0120_pw_good_other,445,,1,0.000741976,0.046019572,0.614840989,0.377960113
LS_0120_pw_good_other,450,,1,0.000707941,0.043903729,0.614814815,0.377528047
LS_0120_pw_good_other,,5,1,0.011871618,0.219783126,0.322718447,0.23521337
LS_0120_pw_good_other,,10,1,0.009169191,0.14255488,0.285790032,0.198151157
LS_0120_pw_good_other,,15,1,0.008120894,0.117429252,0.271227856,0.184598385
LS_0120_pw_good_other,,20,1,0.007481025,0.097593229,0.251362398,0.16883988
LS_0120_pw_good_other,,25,1,0.007038562,0.086220577,0.239705882,0.159659932
LS_0120_pw_good_other,,30,1,0.00675947,0.075376884,0.223004695,0.1475263
LS_0120_pw_good_other,,35,1,0.00654845,0.067971436,0.210828548,0.138781726
LS_0120_pw_good_other,,40,1,0.006344236,0.06294631,0.203418803,0.133371697
LS_0120_pw_good_other,,45,1,0.006214901,0.058450145,0.194885362,0.127378266
LS_0120_pw_good_other,,50,1,0.006105987,0.055805343,0.190433213,0.124199799
LS_0120_pw_good_other,,55,1,0.006017494,0.05395398,0.1875,0.122087297
LS_0120_pw_good_other,,60,1,0.005942616,0.052367099,0.18487395,0.120209266
LS_0120_pw_good_other,,65,1,0.005867738,0.049986776,0.179828735,0.116721048
LS_0120_pw_good_other,,70,1,0.005799666,0.047870934,0.175217812,0.113544941
LS_0120_pw_good_other,,75,1,0.005711174,0.047077493,0.175024582,0.113288013
LS_0120_pw_good_other,,80,1,0.005670331,0.046813012,0.175247525,0.113377051
LS_0120_pw_good_other,,85,1,0.005609067,0.046548532,0.176,0.113787893
LS_0120_pw_good_other,,90,1,0.005547803,0.046019572,0.175935288,0.113655527
LS_0120_pw_good_other,,95,1,0.005520575,0.045490611,0.174974568,0.112978748
LS_0120_pw_good_other,,100,1,0.005486539,0.04469717,0.173333333,0.111842126
LS_0120_pw_good_other,,105,1,0.005452503,0.044168209,0.172520661,0.111255538
LS_0120_pw_good_other,,110,1,0.005432082,0.044168209,0.173056995,0.111581422
LS_0120_pw_good_other,,115,1,0.005384432,0.043110288,0.170859539,0.110060895
LS_0120_pw_good_other,,120,1,0.005364011,0.042845808,0.170526316,0.109812149
LS_0120_pw_good_other,,125,1,0.005343589,0.042581328,0.170190275,0.109561713